,MARCA_lvhtn
VOLKSWAGEN,106679
RENAULT,104154
FORD,100450
FIAT,93196
CHEVROLET,74662
PEUGEOT,68135
TOYOTA,21807
CITROEN,18787
HONDA,10674
MERCEDES BENZ,10246
SUZUKI,6348
DODGE,5213
NISSAN,4881
HYUNDAI,2632
KIA,2403
AUDI,2343
BMW,2289
MITSUBISHI,2065
JEEP,1704
CHERY,1477
VOLKSWAGEN                    ,1449
IVECO,1329
CHRYSLER,1305
RASTROJERO DIESEL,1127
FORD                          ,1120
RENAULT                       ,1079
ALFA ROMEO,981
CHEVROLET                     ,981
DAIHATSU,961
FIAT                          ,890
PEUGEOT                       ,875
HELVETICA,859
SCANIA,856
SEAT,809
DAEWOO,677
ROVER,670
TORINO,655
MONTENEGRO,616
MAZDA,526
SUBARU,525
VOLVO,507
DACIA,394
TOYOTA                        ,392
SOLA Y BRUSA,375
LAND ROVER,374
IES,333
OPEL,326
RANDON,317
MINI,273
SALTO,273
HERMANN,259
GALLOPER,255
SSANGYONG,254
CITROEN                       ,252
GMC CHEVETTE,251
LADA,241
JEEP IKA,239
MALDONADO,225
ASTIVIA,186
FORD FALCON,183
OMBU,176
DI TELLA,160
A.F.F.,159
BONANO,157
GMC,151
HONDA                         ,127
ESTANCIERA IKA,119
JEEP ESTANCIERA,119
WILLYS,115
RASTROJERO,114
RAMBLER IKA,110
PETINARI,110
DATSUN,109
AUTO UNION,109
PORSCHE,106
TATA,104
AFF,97
MERCEDES BENZ                 ,97
DE SOTO,97
LAMBERT,97
AST-PRA,95
RAM,92
PRATI-FRUEHAUF,92
VALIANT,87
FARGO,87
CORMETAL,87
EL DETALLE,80
MARUTI,75
NISSAN                        ,72
F.H.,70
GORDINI IKA,67
GOLONDRINA,66
GOMATRO,66
GROSS,65
IME,64
ULTRANS,62
PRATI FRUEHAUF,61
TAHNOS,60
IKA RENAULT,60
CRESCENTE,58
AIELLO,56
GRASSANI,56
SMART,55
C.M.,55
JEEP T-80,55
SUZUKI                        ,54
MONTEBRAS,53
ARGENTA,52
VULCANO,52
DEUTZ - AGRALE,45
INTEGRAL,43
M.BENZ,43
-136-VOLKSWAGEN,42
SATURNI,42
HYUNDAI                       ,41
PRATI,40
VALIANT III,40
ARO,38
SUZUKI SWIFT GTI,38
SAAB,38
RENAULT 4-L,37
RAMBLER,37
IKA TORINO 380,37
AGRALE,36
AUDI                          ,36
VALIANT IV,35
PROTON,35
PATRONELLI,34
CHRYSLER-DODGE,33
LAMOPI,33
M. BENZ,33
SUZUKI SWIFT SEDAN NLX,33
PLYMOUTH,33
INDECAR,33
JEEP GLADIATOR,32
IKA-RENAULT,32
CHERY                         ,32
GROSSPAL,31
DIMEX,31
SCANIA VABIS,31
JAGUAR,31
INTERNATIONAL,30
ACOPLAR,30
ALEKO,30
DODGE                         ,29
MILEI,29
DEUTZ,29
RENAULT IKA,28
DEUTZ-AGRALE,28
SAAB SCANIA,28
MARCA   INVALIDA,26
DECAROLI,26
OLTCIT,26
SANTANA,26
SIN MARCA,26
TAVRIA,25
I.K.A.,25
GENERAL MOTORS,24
RUTERA,24
BMW                           ,24
TORRESI,24
IKA JEEP,23
RIMEK,23
PLUSCARGA,23
RASTROJERO DIES,23
JEEP GLADIATOR V SUPER,23
NAVATUC NT,23
SUZUKI VITARA,23
DARWIN,22
POLARIS,22
IKA TORINO,22
BAQUEANO IKA,22
MERCURY,22
SABINO,21
-044-FIAT,21
IVECO                         ,21
GUERRA,21
ARMADO FUERA DE FABRICA,21
DAEWO,21
JEEP GLADIATOR 500,21
DE CARLO,21
STUDEBAKER,20
FRUEHAUF,20
EL FIERRO,20
ISARD,20
ESTANCIERA,20
IKA RAMBLER,20
DANES,20
MORRIS,20
JEEP WILLYS,19
BORGWARD,19
JEEP-IKA,19
MIC,19
MARCELINI,19
MITSUBISHI                    ,18
PINCEN,18
KIA                           ,18
SKODA,18
IKA RENAULT 850,17
DEPAOLI,17
SIAM DI TELLA,17
NAKAI,17
NISSAN DIESEL,17
PRATTI,16
YUEJIN,16
JEEP                          ,16
CHRYSLER DODGE,16
CHRYSLER                      ,16
-024-CHEVROLET,16
AUSTIN MORRIS,16
GAMMA,15
KAISER,15
LA GALLARETA,15
VOLKSWAGEN (136),15
NO CONSTA,15
NOMA,15
IKA TORINO 300,15
BELAVTOMAZ,15
G.M.C.,15
NAVARRO HNOS.,15
IKA ESTANCIERA,15
FERRARI,15
REARMADO,15
INTERNACIONAL,14
RILEY,14
ROMAPAR,14
-047-FORD,14
ANDARIEGA,14
DEUTZ AGRALE,13
AUTOMOVIL,13
COOPERTAN,13
LANCIA,13
RENAULT DAUPHINE IKA,13
JEEP GLADIATOR X SUPER,13
RANQUEL,13
AGROCABINA,12
RENAULT DAUPHINE,12
SUZUKI SWIFT SEDAN NL,12
G.M.A.,12
HEIL,12
DAHIATSU,12
METALURGICA ALEM,12
CHEVETTE,12
RENAULT 4 L,12
FORD TAUNUS,12
DFM,12
MARCOPOLO,12
INNOCENTI,11
BAQUEANO 500 IKA,11
LEO-COR,11
CITROEN 2 CV,11
MONTESUR,11
UAZ,11
RENAULT DAUPHIN,11
OLDSMOBILE,11
A.F.F,11
FANGIO,11
TRENQUEMOLQUE,11
3-STAR,11
-112-RENAULT,11
H.C. MANCINI,10
MACK,10
MAGIRUS DEUTZ,10
IDEROL,10
CADILLAC,10
M BENZ,10
IKA-TORINO,10
KOLLER,10
ISUZU                         ,10
VALIANT II,10
PONTIAC,10
JEEP GLADIADOR,9
LIFAN,9
WHELAN,9
KOL,9
GIAGANTE Y TOMASSETTI,9
SUZUKI SWIFT SEDAN GLX,9
DAEWOO                        ,9
JEEP GLADIATOR 1000,9
LEYLAND,9
-136- VOLKSWAGEN,9
GAZ,9
ZANELLO,9
FREIGHTLINER,9
VOLVO                         ,8
ANAHI,8
GMC CHEVETTE (GENERAL MOTORS C,8
RAMBLER-IKA,8
PIAGGIO,8
DKW,8
JEEP FRONTAL,8
FORD MUSTANG,8
G.M.C. CHEVETTE,8
RUGBY,8
AMANCAY,8
GORDINI,8
CUMBRE,8
"FORD ""A""",8
GORDINI-IKA,8
ACOPLANOA,8
DAIHATSU                      ,8
SCANIA                        ,8
DODGE POLARA,8
ROSSI,8
MORALES,7
KAISER CARABELA,7
FALCON,7
LA HELVETICA,7
BIANCHI,7
FIAT (028),7
C.M,7
KIA MOTORS,7
REO,7
JAC,7
DE CARLO 700,7
LA ATOMICA,7
DODGE CORONADO,7
BELGRANO METALURGICA BELGRANO,7
BERTONE,7
PACKARD,7
DI TELLA 1500,7
DODGE GTX,7
MAESTRO,7
GENTILI,6
ROSSO LEONES,6
AEOLUS,6
PEUGEOT (010),6
JEEP ESTANCIERA IKA,6
ASTIVIA S.A.,6
RAS,6
BUICK,6
MANCINI,6
FORD (047),6
M.CORDANI,6
NAVARRO HNOS,6
ROSSO-LEONES,6
IKA-TORINO 380,6
AUSTIN,6
JEEP I.K.A.,6
-127-SUZUKI,6
RASTROJERO DIESEL             ,6
DITELLA,6
DKW UNION,6
SORAZABAL,6
MASERATI,6
F. H.,6
AMC,6
JEEP IKA                      ,6
IKA TORINO S,6
GMC (GENERAL MOTORS CORPORATIO,6
DKW AUTO UNION,6
FACCHINI,6
CITROEN 2CV,6
DS,6
BLAC,6
AUTOAR,6
MERCEDES BENZ/COMIL,6
MAN,6
JEEP UTILITARIO,5
MERCEDES BENZ/MARCOPOLO,5
-047- FORD,5
GALLO,5
-130-TOYOTA,5
LG,5
TORINO                        ,5
SALTO                         ,5
CORDANI,5
MERCEDES-BENZ                 ,5
FIAT (044),5
LUIS IGLESIAS,5
PEGASO,5
BACO,5
RENAULT (033),5
RENAULT GORDINI,5
LAND ROVER SANTANA,5
IKA                           ,5
ASTRA,5
CISITALIA,5
FIAT 600,5
ROVER                         ,5
BAQUEANO,5
STAR,5
IZH,5
METALURGICA FRANCK,5
KRONE,5
DI POLVERE,5
-055-HONDA,5
GUAJARDO Y LINARES,5
SANXING,5
-024- CHEVROLET,5
MARCHETTI,5
ALFA ROMEO                    ,5
GRUMMAN OLSON,5
I.K.A,5
OTROS,4
SUZUKI SWIFT GT,4
MANUALE,4
MALDONADO HNOS.,4
H.C.MANCINI,4
IKA TORINO 380 W,4
MIRBAL,4
EVELEENS,4
-027-CITROEN,4
P.U.RILEY,4
AUSTIN HEALEY,4
CHEVROLET (024),4
MAHINDRA,4
BOYITA,4
IKA-TORINO S,4
KAISER BERGANTIN,4
CHEVROLET LUV,4
COQUITO,4
TOYOTA (030),4
AGRALE/NEOBUS,4
LINCOLN,4
WILLIS,4
LGP,4
#?NOMBRE?,4
CHEVROLET (006),4
MONTRAILER,4
WULING,4
-130- TOYOTA,4
LEXUS,4
HANSA,4
MARSICO,4
I.M.E.,4
DELAHAYE,4
-044- FIAT,4
-104- PEUGEOT,4
ECOMEC,4
URAL,4
SAYI,4
GMC 500,4
UNION,4
ASTIVIA                       ,4
ARCTIC CAT,4
HAN JIANG,4
AUTO,4
GLADIATOR,4
TIANJIN,4
NAVARRO HNOS SRL,4
CHEVROLET MONZA SL/E,4
RENAULT ARGENTINA S.A.,4
AUTO BIANCHI,4
AGRALE/COMIL,4
CASA RODANTE,3
FIAT 1500,3
136 VOLKSWAGEN,3
SEAT                          ,3
"""CM""",3
FORD F-100,3
BENZI,3
JEEP T 80,3
S/MARCA,3
SIAM ARGENTA,3
CAN-AM,3
METRO,3
KAMAZ,3
RANGE ROVER,3
INSTITEC,3
MINI                          ,3
TEAS,3
SHELBY,3
----,3
S/M,3
FERESA,3
ME-LIN,3
JMC,3
JEEP GLADIETOR,3
GAVIOTA,3
WHITE,3
VAUXHALL,3
IKA TORINO 300 S,3
RANDON                        ,3
D.K.W.,3
KENWORTH,3
SOLA Y BRUSA SA,3
-,3
MARTINA,3
IKA-JEEP,3
A F F,3
HUMMER,3
INDUTEK,3
JEEP BAQUEANO,3
ENIAK,3
JEEP BAQUEANO 500,3
MARCA,3
 HELVETICA,3
IKA BAQUEANO,3
MERC. BENZ,3
#+NOMBRE?,3
FNV,3
NANDUBAY,3
I.M.E,3
HELVETICA                     ,3
IES                           ,3
CFMOTO,3
PEUGEOT (039),3
 SALTO,3
CHEVROLET CAPRICE,3
OLDSMOVILE,3
COMMER,3
HUDSON,3
NSU,3
IKA TORINO 300-S,3
CHEVROLET CHEVETTE DL,3
FIAT IVECO,3
COMODINA,3
DUJUAN,3
CHEVROLET CAMARO,3
SCHELL,3
GREAT DANE,3
JORVIC,3
CIMEC,3
GMC CHEVETTE(GENERAL MOTORS CO,3
ACOPLADO,3
INCARVITT,3
IKA GLADIATOR,3
TURISCAR,3
ALASIA,3
BORWARD,3
 SCANIA,3
SUZUKI SUPER CARRY,3
REMOLQUES RECONQUISTA,2
VALIANT I,2
MERCEDES BENZ LO1114/48,2
HELVETICA.,2
NN,2
ZIL,2
-031-DAEWOO,2
BUIK,2
047-FORD,2
DEL REY,2
ISTILART,2
OPEL CORSA,2
FORD (026),2
RITTER,2
SSANGYOUNG,2
IKA BERGANTIN,2
MOVIL TANQUES,2
FEIHU,2
 GENERAL MOTORS,2
S,2
SMART                         ,2
HANOMAG,2
08 - CHEVROLET,2
RAM                           ,2
FIAT 147,2
PIOTTO,2
EL TORO,2
VICTORIA,2
RENAULT 4 FURGONETTE,2
THANOS,2
MERCEDES,2
---------,2
METALURGICA LINCOLN,2
SUBARU                        ,2
-025-CHRYSLER,2
NAVISTAR INTERNATIONAL,2
MGB,2
INDUSTRIAS AHT ALZUARTE,2
COMAR,2
ARMADO FUERA FABRICA,2
RASTROJERO DISEL,2
C.M.                          ,2
INDUSTRIA METALURGICA RUTA 13,2
PANAMBI,2
C M,2
WILLYS KNIGHT,2
BUGGY,2
ROSSO,2
CHEVROLET C-20,2
JEEP WILLYS OVERLAND,2
DOREX,2
EL DORADO,2
-127- SUZUKI,2
FYEGO GTX,2
FRATELLO,2
MAR Y SOL,2
ALDE,2
MALDONADO                     ,2
MACTRAIL,2
SUZUKI SWIFT,2
CADILLAC FLEETWOOD,2
TOYOTA (130),2
ROLLS ROYCE,2
AUTO UNION DKW,2
EL SOL DE ACOPLADOS RURALES AR,2
CAFARO,2
INDECAR                       ,2
VIBERTI,2
V O L K S W A G E N,2
HILLMAN,2
DI TELLA MAGNETTE II,2
VOLKSWAGEN (034),2
ESTANCIERA  IKA,2
MAR Y SIERRAS,2
-112- RENAULT,2
PEUGEOT SEDAN 4,2
0,2
JINBEI,2
KM 0,2
MAZDA 323,2
PATRI,2
L G P,2
METALURGICA IMPAGRO,2
INTERNATIONAL  HARVESTER,2
WINNEBAGO,2
STAHL,2
INTERNATIONAL HARVESTER,2
FIAT 600E,2
IKA-TORINO 380-W,2
FIOL,2
GALLOPER                      ,2
DELL'ORO,2
F.S.O.,2
BAQUEANO 500,2
RURAL MORRIS,2
CHANG FEI,2
"V,W",2
MONTBLANC,2
RENAULT (112),2
NASH,2
WIPPET,2
ERSKINE,2
CUTAN,2
MAZDA                         ,2
I.K.A.                        ,2
999,2
SCHIFFER,2
LIEBHERR,2
GRUMETT-CHEVROLET,2
ARMADO,2
ACOPLADOS RICCHINI,2
PRATTI-FRUEHAUF,2
FORD 500,2
RENAULT IKA DAUP,2
-004-ALFA ROMEO,2
ALEJANDRA,2
NAVATUC,2
-055- HONDA,2
ARGENTA SIAM,2
VALIANT III CORONADO,2
RENAULT DAUP.,2
AUTOLATINA,2
IZUSU,2
DOBLE ZETA,2
CHANGAN,2
PABLO TERRENO,2
VOLKSWAGEN         V,2
CARROCERIAS OSCARCITO,2
CHEROGA,2
SERRA,2
G.M.C.CHEVETTE,2
SS,2
MONTENEGRO HNOS.,2
SUZUKI SWIFT SE,2
RAMBO,2
RASTROJERO D.,2
044-FIAT,2
SICTAR,2
OPEL                          ,2
BAQUEANO I.K.A.,2
NISSAN 4X4,2
MORGAN,2
DACIA TLX,2
MERCEDES BENZ 250CE,2
 LAMBERT,2
P.U. RILEY,2
S STOESSEL,2
RENAULT 4L IKA,2
EL GRILLO,2
V.I.N.,2
IKA GLADIADOR,2
TORINO IKA,2
HERMAN,2
MIRIAM,2
TRAVIESA,2
WYLLIS,2
PEUGEOT 403,2
ISARD 700,2
ACOPLADOS CONESE,2
DIMATRA,2
JEEP ESTANCIERA               ,2
A ROMEO,2
OPEL CORSA SWING,2
FORD  FALCON,2
TROJERO DIESEL,2
NAVARRO HNOS S.R.L.,2
BENTLEY,2
SPACE,2
MALDONADO HNOS,2
F.H,2
PATRI FRUEHAUF,2
L.G.P.,1
FORD VAN,1
HERNANN,1
JEEP UNIVERSAL,1
G.M.C. CHEVETTE               ,1
POR-PAP,1
34 - PEUGEOT,1
GMC CHEVETTE (GMC),1
CUMMINS,1
VOLVO/MARCOPOLO,1
VOLKSWAGEN            VOLKSWAG,1
ZORZAL,1
PLAYERA,1
PEUGEOT (104),1
FORD MOTOR ARGENTINA S.A.,1
F 500,1
 ALFA ROMEO,1
RAMBLER I.K.A.,1
CHVROLET CORSA,1
TORRESI                       ,1
JEEP ESTNACIERA,1
MAGIRUZ DEUTZ,1
-180- LAND ROVER,1
AMERICANA,1
IKA RENAULT R-4,1
GMC(GRAL MOTORS CORPORATION),1
SUZUKI SWIFT NL,1
JEEP-IKA                     1,1
CAMION,1
1500,1
-027- CITROEN,1
RASTROJERO DSL,1
PLASTIFIBRA,1
-018-BMW,1
FORD ARGENTINA S.A.           ,1
FIVIAR,1
JEEP GALDIATOR X SUPER,1
GOL GLI,1
BORGWARD ISABELLA,1
PALUMBO,1
JEEP WILLIS,1
PRATI FRAUEAUF,1
G.M.C CHEVETTE,1
TIPO 220S,1
MERCURY MONTERREY,1
CONSTRUCCIONES METALURGICAS,1
MONTRNEGRO,1
IKA - TORINO,1
GOYENECHE Y CABRIO,1
CRESCENTES,1
901268MARCA   INVALIDA,1
IKA - TORINO 380,1
O.M.,1
JEEP WILLIAMS,1
NO CORRESPONDE MARCA NI,1
PLYMOUTH                      ,1
ROLLS-ROYCE,1
RENAULT 850,1
JEEP WILLYS OVER,1
FORD FALCON LUJ,1
BEDFOR,1
IKA - ESTANCIERA              ,1
GMC CHEVROLET,1
VANESA,1
JEEP-T-80,1
SINCA 1300,1
JEEP GLADIETOR V SUPER,1
MARSICO HNOS. S.A.,1
MERDEDES-BENZ,1
DEEWOO,1
LAN ROVER,1
CANNELLI - ALI,1
BORWGARD,1
322030,1
NISSAN URVAN,1
N.S.U.PRINZ,1
FIAT / 1995,1
SSANGY0NG,1
DAF,1
RENAULT-IKA,1
LEMIVA,1
EAGER BEAVER,1
600D                          ,1
HONDA        HO,1
OMBU                         B,1
POR PAR,1
SOLA Y BRUSA S.A,1
SOLA Y BRUSSA,1
P E U G E O T,1
-030- DACIA,1
LAND ROBER,1
OBERMAND,1
TALBOT LAGO,1
NISSAN PATROL,1
AFF.,1
4L,1
DORSEY,1
NISSAN SENTRA EX SALOON,1
FORD 1927,1
TORINO 300S,1
HIERFOR,1
SCOUT,1
TRAILMOBILE,1
SAMSUNG,1
SEDAN 3 PUERTAS,1
JEEP GLADIADOR V SUPER,1
-072-KIA,1
FORD F100,1
RASTROJERO IME,1
DAWEOO,1
GIGANTE Y TOMASETTI,1
JEEP GLADIATOR SUPER,1
CHEVROLET (042),1
KENWORTH                      ,1
RUKO,1
CHEVROLET SEDAN,1
CLIO RT,1
306XR,1
OAKLAND,1
FERIOLI,1
ZHENG ZHOU DONG FENG,1
DAUPHINE,1
FFF,1
PAGANI,1
CHEVROLET MONZA SL,1
ENGERAUTO,1
BELGRANOMETALURGICABELGRANOSRL,1
 T M,1
M.VIGNA,1
OPEL RECKORD - 1900,1
PEDRO GREGORIO,1
FIAT UNO SCR,1
RENAULT            R,1
ALTA ROMEO,1
-151-JEEP,1
CANIA,1
PUZZI,1
HERVETICA,1
VOLKSWAGEN  VOLKSWAGEN,1
BELTRAMI,1
JEEP GLADIETOR 500,1
JEEP- IKA,1
CIVIC LXS,1
TAUNUS,1
COBRA,1
RASTREJERO DIESEL,1
KAISER CARABELLA,1
FORD F-350,1
DODGE GRAN TURISMO,1
JEEP EST. IKA,1
VOLKSWAGEN GOL GLD,1
A.ZANICHELLI,1
FIAT AUTO ARGENTINA S.A.,1
RAMBLER - IKA,1
I.K.A. ESTANCIERA,1
HOTCHKISS,1
CHEVROLET D-40,1
FORD F900,1
CADILLAC FLEETWOOD SIXTY SPEC,1
FABRICA ARG. DE TANQUES,1
IKA WILLYS,1
CXCXC,1
VALSANO,1
OM SUPER ORIONE,1
OPEL REKORD,1
405 S.R.I.,1
PRATI FRUEHAUT,1
--,1
9999999,1
IKA-TORINO 300,1
MARENDA Y SANCH,1
DAKOTA,1
LUFKIN,1
ESCORT,1
RADTROJERO DIESEL,1
TIME,1
 STIVIA,1
BERLIET DIESEL,1
PESCE,1
HEARTLAND,1
SEVEL ARGENTINA SA,1
 GOMATRO,1
CESTARI,1
SIMCA 1300,1
LAMBERT                       ,1
MAZDA B2000,1
RA 3R CROS COUN,1
RENAULT (007),1
REUTER PORSCHE,1
FORD 600,1
SIAN DITELLA,1
L G,1
MASAT,1
GASPARI,1
CARAVAN CARINA,1
FIAT VIVACE,1
-121-SEAT,1
-058-HYUNDAI,1
SUEDITO,1
SUZUKI SWIFT  SEDAN NLX,1
EBRO,1
WILLYS BAQUEANO,1
DI TELLA TRAVELLER 1500,1
53 - VOLKSWAGEN,1
ESTANCIERA I.K.A,1
 DAIHATSU,1
"VALIANT III ""CORONADO""",1
PAMPAAZUL,1
TRIUNFAL,1
AUTO UNIN,1
-115- ROVER,1
AGRALE                        ,1
MORRIS BM-612,1
FORD FARLINE,1
GALAXY 2.O.L,1
INDUSTRIA METALURGICA SORAZABA,1
06819AMXMSL11,1
GWGFRWAG,1
VALIANT V-200,1
DDDDDDDDD,1
HENSCHEL,1
ESSEX,1
BELGRANO METAL.BELGRANO SRL,1
LINCOLM,1
IKA JEEPS,1
RSTROJERO,1
024 CHEVROLET,1
KIA MOTORS 4X2 DIESEL,1
"FORD ""T""",1
PRATI/FRUEHAUF,1
FIAT 125,1
99999,1
UNION D.K.W.,1
MARCA  FORD,1
SUZUKI 4X4,1
IKA-RENAULT 850,1
MAR Y SIERRA,1
-126-SUBARU,1
DYANE 6,1
M.S.,1
PEU,1
L.N.ESTRELLA,1
FORD MUSTANG 289,1
-104-PEUGEOT,1
LAMPONI,1
ISETTA,1
ESTANCIERA IKA                ,1
LEO COR,1
FRATI FRUEHAUF,1
MONTESA,1
JEEP  GLADIATOR V,1
CARAVANA,1
SIMCA,1
FIAT 600 E,1
T.CARGA,1
WILLYS                        ,1
 ROVER,1
RURAL ESTANCIERA IKA,1
DE PAOLI,1
ESSEX SUPER SIX,1
CCC,1
CRESCENTE                     ,1
SAVEIRO D,1
IGARRETA S.A.,1
404 AUTO,1
FIAT/INOCENTI,1
OMBU                          ,1
MORRIS MINOR 1000,1
FIAT 128,1
RASTRIJERO DIESEL,1
T. CARGA,1
SALVAGIOTTI,1
MONTECUYO,1
ARGENTINA,1
BEDFORD.,1
D.K.W.AUTO UNION,1
 GROSS,1
METALURGICA IMPAGRO S.R.L.,1
CONSTRUCCIONES METALURG,1
HINO,1
L.G.,1
CITRO+N 2CV,1
    PEUGEOT,1
A.F.FABRICA,1
-180-LAND ROVER,1
AAF,1
KANDUS,1
INCOMETAL,1
VAU HALL,1
GIGANTE Y TOMASSETTI,1
CHEVROLET CAMARO RALLY SPORT,1
FIAT (028)                    ,1
BERRUTTI,1
JEEP-ESTANCIERA,1
DODGE 200,1
FIAT               TAXI,1
PRATIFRUE,1
XCMG,1
TOYOTA HILUX,1
ASIA MOTORS,1
AS-PRA,1
BODNAR STEDAC Y CIA,1
MORRIST,1
 BAQUEANO IKA,1
047 - FORD,1
ANYDA,1
DUNCAN,1
504,1
CUMAR,1
-102-NISSAN,1
AIELLO                        ,1
GMC                           ,1
130-TOYOTA,1
GENERAL MOTORS ARGEN,1
GMC CHEVETTE (GRAL.MOT.CORP.),1
T.V.,1
SOL DE ACOPLADOS RURALES. ARG.,1
APACHE RAMADA,1
A.F.F                         ,1
UNIMOG,1
24.01.01,1
TRONADOR,1
FALCON FUTURA,1
GMC CHEVETTTE,1
2CV,1
PASSPORT EX,1
SAIC,1
INTERTRAFIC,1
GRACIELA,1
PEREZ MADDYN,1
GORDINIIKA,1
VALIANT IV GRAN TURISMO,1
FORD ALEMAN,1
NOMA                          ,1
DEUTZ-DECAROLI,1
CHRYSLER -DODGE,1
OM-SUPER ORIONE,1
BIANCONI,1
V-W,1
136- VOLKSWAGEN,1
132,1
CONVER,1
PAZDERA,1
KAISER BERGANTI,1
FIAT 1500 C,1
JEEP  T-80,1
HOBBS,1
DAUHATSU,1
MERCEDES BENZ 250 SE,1
ISSARD,1
100745,1
OPEL RECORD,1
.SUBARU,1
WEEKEND,1
MILL,1
RECONSTRUIDO,1
TRIUMPH,1
ANSALDO,1
SURAN 1.6L 5D 11A,1
OPEL CAPITAN,1
128BERLINA,1
MAXION                        ,1
CARIAC,1
CALANDRIA,1
WILLYS OVERIAN,1
ALDO BIANCO,1
DAIHAITSU,1
FORD FAIRLANE,1
JAGUAR MKII,1
STUDE BAKER,1
CHEVROLETCHEVROLET,1
JEEP ESTENCIERA,1
I.K.A. TORINO 380,1
IKA                          1,1
HERMANN                       ,1
NIEWIADOW,1
BORDWARD,1
DODGE M 615,1
VAN-TEL,1
WITTE,1
RASTRJERO DIESE,1
BERLINA,1
RPVER,1
BELORIA,1
COMOFRA,1
IDENOR,1
KAMLOFSKY HNOS,1
HELVERTICA,1
ARGENTINA SA,1
RECORD,1
T O Y O T A,1
CHRVEOLET,1
EAGLE,1
JEEP GLADIATOR V SUP,1
SIZUKI VITARA,1
BAQUEANO  500,1
GOL GL,1
SIAM SI TELLA,1
IKA TORIN 300 S,1
LO GIUDICE-P,1
FIAT DUNA SL 1.6,1
TOYOTA LAND CRU,1
AJAX,1
FERROESTE,1
ROMANO,1
F-H,1
MI KENS,1
BURIASCO,1
GLADIADOR IKA,1
FORD TAUNUS 20 MTS,1
I V E C O,1
RENAULT 12 TL,1
RASRTOJERO DIESEL,1
-RASTROJERO DIESEL,1
NERCEDES-BENZ,1
CHEVROLET MONTECARLO,1
FORD ARGENTINA S.C.A,1
GUERRA                        ,1
MANUALE HNOS,1
IZUDSU,1
FORD GRANADA,1
BAQUIANO IKA,1
AST PRA,1
FERNANDEZ HNOS.,1
GLADIATOR IKA,1
ROSSI HNOS-,1
FORD (041),1
00,1
FORD 4X4,1
DECARLO,1
GOL 1.6,1
DANDUBAY,1
"CHEVROLET ""GUERRERO""",1
SCARPONI HNOS.,1
DODGE TAXI,1
FORD F.350,1
RUSO,1
IKA JEEP                      ,1
WILYS,1
300 D,1
 MALDONADO,1
RENAULT DANPHINE,1
DETROI,1
WHIPPET,1
CHRYSLER/DODGE,1
GIAROLI,1
NICAR,1
ICNEC,1
HUMBER HAWK,1
FORD FIESTA LX,1
BEDFORD                       ,1
FIAT               1,1
POR SER A.F.F. NO POSEE MARCA,1
CHANGO,1
SUZIKI SWIFT GTI,1
KARMANN GHIA,1
RASTROJERO DISE,1
F.H:,1
NAVATUC NT.,1
PONY,1
NAVARRO HNOS.S.R.L.,1
001245RENAULT,1
DELAGE,1
A.F.F.                        ,1
 IES,1
FORD F-600,1
M. CORDANI,1
SUIPACHA,1
PEUGEOT                      G,1
.ISUZU,1
RENAULT DAUPINE,1
SCANIA / MARCOPOLO,1
MERCEDES BENZ/BUSSCAR,1
ESTANCIERA IKA.,1
SUZUKI (127),1
LA SALLE,1
WILLYS HURRICAN,1
MG TC,1
CHRYSLER (025),1
THORNYCROFT,1
RURAL CLASSIC,1
CHEVROLET MONZA,1
LAND ROVER SANT,1
RENAULT FOURGENNETTE,1
OPEL KADETT LS,1
FIAT DUNA SL 1.4,1
FORD F 100,1
IKA RENAULT                   ,1
IKA JEEP GLADIATOR,1
TATA                          ,1
FERRARI                       ,1
SENIORS,1
LEYLAND COMET,1
FORD 1931,1
BUICK RIVIERA,1
BELGRANO METALURGICA BELGRANOS,1
POLARIS                       ,1
-271- GALLOPER,1
ATLANTAR,1
VALMA,1
O.M,1
-115-ROVER,1
DI-TELLA,1
ACOPLAR                       ,1
MARAVILLA,1
BRAMA,1
-089-MAZDA,1
OVERLAND,1
RURAL-ESTANCIER,1
TRAIL MOBILE,1
 CHRYSLER-DODGE,1
OPEL .,1
FIAT-IVECO,1
WILLY,1
FANGIO HNOS.,1
HEI BAO,1
IKA GORDINI,1
AUTOCAR,1
DAEWOO (031),1
PORSCHE                       ,1
RASTROJ. DIESEL,1
TRANSPORTE DE CARGA,1
EPP HERMANOS,1
A.F.F. (RENAULT),1
INGENIERO R.B.A.,1
BOGGIE,1
JEEP LAND ROVER,1
SUZUKI SWIFT NLX,1
WHIPPER,1
TAUNUS GXL,1
ARANDASOL,1
INDUST. MET. RUTA 13,1
SIMCA ARONDE,1
CARBALLIDO,1
  .,1
IKA-BAQUEANO,1
FERNANDEZ HERMANOS SA,1
INDUMIX,1
YAS,1
OPELA.,1
WILLYS IKA,1
VLIANT,1
-----------,1
JEEP - IKA,1
CORMETAAL,1
SANTA BARBARA,1
MILET,1
NSU PRINZ,1
GENERAL MOTORS CORPORATION,1
ALFAROMEO,1
0022/200VOLKSWAGEN,1
NAVARRO HNOS. S.R.L.,1
CHEVROLET BEL AIR,1
CITROEN AMI-8,1
TRIUMPH SPITFIRE,1
MAGNANO,1
FSO                           ,1
ROMAPAR                       ,1
KAISER                        ,1
PRATI -FRUEHAUF,1
PICASSO,1
T.M.,1
CHEVROLET CHEVY 500 DL,1
IKA  TORINO  300,1
EL ANOCHECER,1
RURAL,1
SEDAN,1
DUNLOP,1
SANTINELLI,1
CHYSLER-DODGE,1
271-GALLOPER,1
IKA KAISER,1
MAXION,1
D.K.W. AUTO UNION,1
JAVA,1
PEUGEOT 505 FULL,1
001019FORD,1
MAZDA 626,1
RASTROJERO DIEEL,1
ARIAS,1
JEEP UNIVERS,1
DAIMLER BENZ,1
GENTILINI,1
EL AMANECER,1
HANG JIANG,1
A.F.F (KANDUS),1
SUNITO,1
MUMELI,1
   F,1
RENALT 4-L,1
MERCEDEZ-BENZ,1
MAZDA (GB2C),1
MERCEBEZ-BENZ,1
JAYCO,1
YUEJIN                        ,1
RASTROJERO D,1
SSANGYONG                     ,1
250108CHEVROLET,1
SORZINI,1
RAMBLER -IKA,1
ALFA ROMEEO,1
GONELLA,1
UNIDAD RECONSTRUIDA,1
H. C. MANCINI,1
ACOPLADO CEREALERO,1
INDOL,1
IKA TORINO 300-8,1
VALIANT IV CORONADO,1
ACURA,1
DINARG,1
PAMPAZUL,1
MA-RI-SU,1
BONDNAR STONAG,1
M. BENZ                       ,1
ARMADO FUERA DE FAFRICA,1
INTEGRAL                      ,1
UNION DKW,1
FRANTFORD,1
CHRYSLER-DODGE-,1
CHYRSLER,1
RENAULT            1,1
PERKINS,1
PECORARO,1
T M,1
ROSSO-LEONE,1
FIAT.                         ,1
JEEP GLADIADOR X SUPER,1
FRUSSO,1
PRATTI FRUEHAUF,1
FORD V-8,1
1963,1
SENECHAL,1
FORD FALCON FUTURA,1
FIAT                         6,1
SOFFIANTINO,1
LE ZEBRE,1
VALIANT 3,1
FERMAG,1
UNIC,1
ROSSI/ACOPLADO/1962,1
F.S.O,1
MERCEDES BENZ UNIMOG,1
FORD REARMADO,1
DITELLA-ARGENTA,1
FH,1
RESTANCIERA IKA,1
DODGE G.T.,1
ICNEC                         ,1
SANGYONG,1
MERDECES BENZ,1
SUZUKI JLK,1
ITALA,1
SUSUKI VITARA,1
DEFFEO VETTORE,1
FERRONI S.A,1
LANDROVER,1
EL CORE,1
ROSARIO TANQUES S.C.,1
AMILCAR,1
DONG FENG,1
LEYLAND HIPO,1
G.T.,1
WOLSELEY,1
R E N A U L T,1
FIAT STATION WAGON,1
BERTOLUSSI,1
JEPP-IKA,1
FIAT DUNA SDL,1
CHEVROLET11369,1
DODGE                 DO,1
PRATI FREUHAUF,1
SANTIAGO I.NUMELLI,1
FANTAR,1
CHYSLER,1
SOLA Y BRUSA S.A.,1
SUSUZKI VITARA,1
AUSTIN MINI COOPER,1
RASTROGERO DIESEL,1
TOSTO,1
PANHARD,1
D.K.W,1
MDS METALURGICA DEL SUR,1
AUTO UNION D.K.W.,1
MONTENEGRO.,1
RENAULT DAMPHINE IKA,1
FIAT 147 DIESEL,1
GMC CHEVETTE (GEN. MOT. CORP.),1
FIAT DUNA S 1.7 DIESEL A/A,1
WITZCO CHALLENGER,1
IKA S.A,1
O M,1
 C.M.,1
LAND ROVER                    ,1
FORD F.600,1
PRATI FRIEHAUF,1
FORD ESCORT,1
-47- FORD,1
EL SOL DE ACPL. RURALES ARG.,1
DAEWWO,1
ARMADO FUERA DE,1
RASTOJERO,1
FIAT AUTO ARGENTINA S. A.,1
FORD THUNDERBIRD,1
SIN IDENTIFICACION            ,1
TORRECETTI,1
MONTENEGRO                    ,1
----------,1
N.N.,1
ERMIVA,1
UTILITY,1
RENAULT  (112),1
403,1
POR-PAR,1
BODNAR STENAC,1
BMW ISETTA,1
CHANDLER,1
FORD 1964,1
FIAT *U S O  R E M I S S E*,1
047 FORD,1
MONTEGRO,1
FORD COURIER,1
WAGEN,1
17 - FIAT,1
SOLA Y BRUSA                  ,1
RENAULT 4 FURGONNETTE,1
CARGUERO IKA,1
CHEVROLET------,1
PAUNY,1
RENAULT DAUPHINE-IKA,1
CHEVROLET CHEVELLE,1
MONARCA,1
IKA TORINO 300S,1
LOTUS,1
ELIO AGUSTIN GROSSO SACIFIA,1
GMC CHEVETTE GRAL.MOTORS CORP,1
YACONIS Y MIGLIERINA,1
12/11/1969,1
CHEVROLET C-20 CREW,1
GIORDINI IKA,1
CAMIONETA,1
S10 2.8 T.I.,1
CARACOL,1
FORD 350,1
SUZUKI SAMURAI,1
AMERICAN,1
RIDAO,1
DAIAHTSU,1
MORRIS TRAVELLER,1
H.C MANCINI,1
FRAMBRETTA,1
SEDAN 4 PTAS,1
176A30005248383FIAT,1
AZAM-M28,1
RODAR,1
L,1
8.0027891,1
KAISER IKA,1
ESTANCIERA-IKA,1
FORD MERCURY,1
HELBETICA,1
#NAME?,1
WILLIS KAISER,1
CHRYSLER - DODGE,1
TRACO,1
PLYMONTH,1
YANTAI,1
IKA - JEEP,1
AASDAS,1
SUZUKI SWIFT G.TI,1
BAQUEANO IKA500,1
LEO CAR,1
GRAN PAIGE,1
DI TELLA MAGNETTE,1
GMC(GENERAL MOTORS CORPORATION,1
FIAT/INNOCENTI,1
A. ROMEO,1
FENSKE,1
SAAB SCANIA                   ,1
PETERBILT,1
SCANIA.-,1
RAMBLER CLASSIC,1
BEIJING,1
11 TS,1
CAMPING NAUTICA SUR,1
C H E V R O L E T,1
CHEVROLET SUPER,1
SUNBEAM,1
GNC,1
PARRAQUINI,1
DYNA DIESEL,1
PEUGEOT 404,1
RASTRAJERO D,1
V.DOORNE,1
VOLKS,1
B. METALURGICA BELGRANO SRL,1
FIAT SEAT,1
METALURGICA FRANK,1
BERGANTIN,1
